quote,source
"In the joy of others lies our own.",Pramukh Swami Maharaj
"Mahima is the mother of bhakti.",Bhagwan Swaminarayan
"Serve with a smile; seva done with joy reaches God first.",Satsang
"A mandir is not only a building — it is the heartbeat of the community.",Bhaktiras
"Where there is unity, there is God.",Satsang
"Offer even a small act with a large heart.",Satsang
"Niyam keeps the mind still so the soul can listen.",Satsang
"Darshan is not looking at Maharaj — it is Maharaj looking at you.",Satsang
"The mandir is our home; treat every devotee as family.",Bhaktiras
"Today's small seva becomes tomorrow's sanskar.",Satsang
"Speak less, serve more, remember Maharaj always.",Satsang
"A pure heart is the true decoration of the mandir.",Satsang
"Walk together, and the journey becomes utsav.",Bhaktiras
"Gratitude turns ordinary days into bhakti.",Satsang
"Keep the niyams; they keep you.",Satsang
"One hour of sincere seva outweighs a thousand words.",Satsang
"The mandir stands because countless unnamed hands held it up.",Bhaktiras
"Listen to katha as if Maharaj is speaking only to you.",Satsang
"Let your smile be the first prasad you offer.",Satsang
"When we remember Maharaj, He remembers us.",Satsang
"Build the mandir outside by first building it inside.",Satsang
"Bhakti is love that does not keep score.",Satsang
"Come as you are; leave a little lighter.",Bhaktiras
"The sabha is where hearts learn to beat as one.",Satsang
"Do not wait for a perfect moment to do seva — this moment is enough.",Satsang
"Aarti is the light we pass from one generation to the next.",Bhaktiras
"Humility is the doorway; seva is the path.",Satsang
"Remember the guru, and the path becomes clear.",Satsang
"Every devotee you welcome is Maharaj arriving.",Satsang
"Patotsav is not a date — it is a feeling we practise all year.",Bhaktiras
"Hold the niyam gently, and it will hold you firmly.",Satsang
"The mandir's true wealth is the people who return.",Bhaktiras
"Sing, serve, sit still — that is enough for today.",Satsang
"What you offer in secret, Maharaj receives in glory.",Satsang
"39 years of footsteps, one destination: Maharaj.",Bhaktiras
"Keep your phone down and your heart up in sabha.",Satsang
"A child's first namaskar is the mandir's future.",Bhaktiras
"Seva without ego is the highest offering.",Satsang
"If you cannot do much, do it daily.",Satsang
"The wall of messages is our collective arti.",Bhaktiras
"Maharaj does not ask for perfection — only presence.",Satsang
"Carry the mandir with you when you leave.",Satsang
"This week, choose one niyam and keep it fully.",Satsang
"We did not find this mandir; this mandir found us.",Bhaktiras
"Let your week begin with Maharaj and end with gratitude.",Satsang
"Anonymous seva is the loudest prayer.",Bhaktiras
"Be the reason someone feels at home here.",Satsang
"Utsav is joy with discipline.",Satsang
"Look after the mandir, and it will look after your family.",Satsang
"Jai Swaminarayan — that is the whole teaching.",Satsang
"Whatever you do this week, do it as an offering.",Satsang
"The countdown is to a date; the journey is every day.",Bhaktiras
